{
    "MARS BARYCENTER": {
        "m": 6.416909011545195e+23,
        "q": [
            42137884.824951366,
            205920097.0083127
        ],
        "p": [
            -22.876756711376895,
            5.7515181165490255
        ],
        "velocity_magnitude": 23.812273055579
    },
    "CHARON": {
        "m": 1.586383423882476e+21,
        "q": [
            2700836500.1504917,
            -4007875476.525699
        ],
        "p": [
            4.74232942673442,
            2.057113325271751
        ],
        "velocity_magnitude": 5.205133618207648
    },
    "NEPTUNE BARYCENTER": {
        "m": 1.024306234448616e+26,
        "q": [
            4468600255.817087,
            -74202916.1799896
        ],
        "p": [
            0.11539247644056552,
            5.060237180243623
        ],
        "velocity_magnitude": 5.467835265693558
    },
    "STYX": {
        "m": 0.0,
        "q": [
            2700872923.7353625,
            -4007837310.260085
        ],
        "p": [
            4.872245008433094,
            2.1310654531492244
        ],
        "velocity_magnitude": 5.397883815835956
    },
    "PROMETHEUS": {
        "m": 1.610967443788277e+17,
        "q": [
            1407121247.4554334,
            -268555134.451621
        ],
        "p": [
            17.7181476546859,
            12.05969793762767
        ],
        "velocity_magnitude": 21.5167959406693
    },
    "EARTH": {
        "m": 5.972168399787582e+24,
        "q": [
            114936098.67797709,
            84558999.03425787
        ],
        "p": [
            -19.11154778327817,
            21.22434103054695
        ],
        "velocity_magnitude": 30.006497218027842
    },
    "PHOBOS": {
        "m": 1.0619160161956238e+16,
        "q": [
            42144635.77004632,
            205916477.33232516
        ],
        "p": [
            -21.745429716403812,
            7.544717660567665
        ],
        "velocity_magnitude": 23.285250111370228
    },
    "MERCURY BARYCENTER": {
        "m": 3.3010006369806576e+23,
        "q": [
            11736151.17025722,
            -59348982.743162215
        ],
        "p": [
            38.104791840322164,
            11.60988027257156
        ],
        "velocity_magnitude": 39.89795532926969
    },
    "URANUS": {
        "m": 8.680987154498914e+25,
        "q": [
            1689908207.5068107,
            2196204422.4361854
        ],
        "p": [
            -5.608881603327791,
            3.2835829863014316
        ],
        "velocity_magnitude": 6.674197995606709
    },
    "TRITON": {
        "m": 2.1402925593852e+22,
        "q": [
            4468876693.65628,
            -74108071.2879315
        ],
        "p": [
            -1.4039706434958386,
            2.5585683906244774
        ],
        "velocity_magnitude": 3.1564070110832527
    },
    "HIMALIA": {
        "m": 2.2706865133591014e+18,
        "q": [
            213212369.04804766,
            661879589.810561
        ],
        "p": [
            -12.588417623283972,
            1.9021779513174488
        ],
        "velocity_magnitude": 12.734761565114225
    },
    "OBERON": {
        "m": 3.0763290570331317e+21,
        "q": [
            1690103968.75695,
            2196308740.147136
        ],
        "p": [
            -8.500210927632592,
            4.172744562687815
        ],
        "velocity_magnitude": 9.490361858101801
    },
    "SUN": {
        "m": 1.9884098713165334e+30,
        "q": [
            -921184.0362808496,
            -651273.0810702787
        ],
        "p": [
            0.01184226579521571,
            -0.006863257042539017
        ],
        "velocity_magnitude": 0.014050572560273065
    },
    "JUPITER BARYCENTER": {
        "m": 1.8985176587806946e+27,
        "q": [
            224518173.71257713,
            665934445.1072102
        ],
        "p": [
            -12.624803578607132,
            4.024233413804546
        ],
        "velocity_magnitude": 13.405602820073984
    },
    "NIX": {
        "m": 4.567034218074945e+16,
        "q": [
            2700833054.4743114,
            -4007870981.6921167
        ],
        "p": [
            4.900309948455738,
            2.183637385229285
        ],
        "velocity_magnitude": 5.416874206116653
    },
    "PLUTO BARYCENTER": {
        "m": 1.4615764949133244e+22,
        "q": [
            2700848107.5815105,
            -4007863781.86885
        ],
        "p": [
            4.8047595825756275,
            2.0874767739026816
        ],
        "velocity_magnitude": 5.298796328409605
    },
    "VENUS": {
        "m": 4.867305814842006e+24,
        "q": [
            74700554.65364216,
            -70257648.67595504
        ],
        "p": [
            24.96395760954562,
            22.64744345334294
        ],
        "velocity_magnitude": 34.78893116867714
    },
    "PANDORA": {
        "m": 1.3919549798523883e+17,
        "q": [
            1407160759.4821172,
            -268295817.39463678
        ],
        "p": [
            -12.752090574479972,
            16.642326059763313
        ],
        "velocity_magnitude": 21.37727447024675
    },
    "MOON": {
        "m": 7.345789248996222e+22,
        "q": [
            114596561.2276727,
            84364204.01530972
        ],
        "p": [
            -18.567082239246897,
            20.515539755851954
        ],
        "velocity_magnitude": 29.038237777012796
    },
    "DEIMOS": {
        "m": 1440685861906164.5,
        "q": [
            42134445.50235577,
            205898871.27565435
        ],
        "p": [
            -21.658040119624918,
            5.810346075880533
        ],
        "velocity_magnitude": 22.582948181511206
    },
    "SATURN": {
        "m": 5.683173701266301e+26,
        "q": [
            1407092498.9261572,
            -268419259.90181628
        ],
        "p": [
            1.5709935630909355,
            8.720698304815286
        ],
        "velocity_magnitude": 9.539954812400655
    },
    "ARIEL": {
        "m": 1.2505198195721615e+21,
        "q": [
            1690070829.061553,
            2196145423.1579356
        ],
        "p": [
            -2.970353220178607,
            4.022020487173439
        ],
        "velocity_magnitude": 5.970273511685684
    },
    "VENUS BARYCENTER": {
        "m": 4.867305814842006e+24,
        "q": [
            74700554.65364216,
            -70257648.67595504
        ],
        "p": [
            24.96395760954562,
            22.64744345334294
        ],
        "velocity_magnitude": 34.78893116867714
    },
    "JANUS": {
        "m": 1.8964761832884303e+18,
        "q": [
            1407244178.013784,
            -268424965.38290343
        ],
        "p": [
            2.109795769787439,
            24.427665353349397
        ],
        "velocity_magnitude": 24.628815816152663
    },
    "MIRANDA": {
        "m": 6.4718650633506144e+19,
        "q": [
            1689788369.442392,
            2196228674.856433
        ],
        "p": [
            -3.764125130192819,
            1.4195686381036814
        ],
        "velocity_magnitude": 8.662409038398899
    },
    "SATURN BARYCENTER": {
        "m": 5.68457888344845e+26,
        "q": [
            1407092528.1033604,
            -268418973.48795938
        ],
        "p": [
            1.5696825562833665,
            8.720832630575577
        ],
        "velocity_magnitude": 9.539902239298677
    },
    "HYDRA": {
        "m": 4.811050156803342e+16,
        "q": [
            2700804320.1715555,
            -4007900009.972577
        ],
        "p": [
            4.841048098322605,
            2.1364564275661277
        ],
        "velocity_magnitude": 5.336288552123944
    },
    "MERCURY": {
        "m": 3.3010006369806576e+23,
        "q": [
            11736151.17025722,
            -59348982.743162215
        ],
        "p": [
            38.104791840322164,
            11.60988027257156
        ],