{
    "CHARON": {
        "m": 1.586383423882476e+21,
        "q": [
            2700836500.1504917,
            -4007875476.525699,
            -2064495133.7982934
        ],
        "p": [
            7.523152793161569e+21,
            3.263370480258866e+21,
            -9.675799206407985e+20
        ],
        "velocity_magnitude": 5.205133618207648
    },
    "STYX": {
        "m": 0.0,
        "q": [
            2700872923.7353625,
            -4007837310.260085,
            -2064467429.0000196
        ],
        "p": [
            0.0,
            0.0,
            -0.0
        ],
        "velocity_magnitude": 5.397883815835956
    },
    "PROMETHEUS": {
        "m": 1.610967443788277e+17,
        "q": [
            1407121247.4554334,
            -268555134.451621,
            -171468657.03582838
        ],
        "p": [
            2.85433590359326e+18,
            1.9427780759438804e+18,
            3.0580545214452154e+17
        ],
        "velocity_magnitude": 21.5167959406693
    },
    "EARTH": {
        "m": 5.972168399787582e+24,
        "q": [
            114936098.67797709,
            84558999.03425787,
            36684983.212354496
        ],
        "p": [
            -1.1413738174232429e+26,
            1.2675533880894749e+26,
            5.495237602424379e+25
        ],
        "velocity_magnitude": 30.006497218027842
    },
    "PHOBOS": {
        "m": 1.0619160161956238e+16,
        "q": [
            42144635.77004632,
            205916477.33232516,
            93330202.13086067
        ],
        "p": [
            -2.309182009490547e+17,
            8.01185652143078e+16,
            3.741863360065467e+16
        ],
        "velocity_magnitude": 23.285250111370228
    },
    "URANUS": {
        "m": 8.680987154498914e+25,
        "q": [
            1689908207.5068107,
            2196204422.4361854,
            937976074.0539707
        ],
        "p": [
            -4.8690629149593824e+26,
            2.850474172481391e+26,
            1.3175235806727785e+26
        ],
        "velocity_magnitude": 6.674197995606709
    },
    "TRITON": {
        "m": 2.1402925593852e+22,
        "q": [
            4468876693.65628,
            -74108071.2879315,
            -141825067.45445287
        ],
        "p": [
            -3.004907921869395e+22,
            5.4760848891317355e+22,
            -2.5732507374716646e+22
        ],
        "velocity_magnitude": 3.1564070110832527
    },
    "HIMALIA": {
        "m": 2.2706865133591014e+18,
        "q": [
            213212369.04804766,
            661879589.810561,
            280952427.56391627
        ],
        "p": [
            -2.858435012172295e+19,
            4.3192498200655764e+18,
            -6.721113313372937e+17
        ],
        "velocity_magnitude": 12.734761565114225
    },
    "OBERON": {
        "m": 3.0763290570331317e+21,
        "q": [
            1690103968.75695,
            2196308740.147136,
            937436439.1445582
        ],
        "p": [
            -2.6149445867586695e+22,
            1.2836735345773534e+22,
            1.9494928019098892e+21
        ],
        "velocity_magnitude": 9.490361858101801
    },
    "SUN": {
        "m": 1.9884098713165334e+30,
        "q": [
            -921184.0362808496,
            -651273.0810702787,
            -251988.1013577781
        ],
        "p": [
            2.3547278205961057e+28,
            -1.3646968052767297e+28,
            -6.311450006142375e+27
        ],
        "velocity_magnitude": 0.014050572560273065
    },
    "NIX": {
        "m": 4.567034218074945e+16,
        "q": [
            2700833054.4743114,
            -4007870981.6921167,
            -2064443773.336473
        ],
        "p": [
            2.2379883213770426e+17,
            9.972746658209845e+16,
            -3.4213650966821704e+16
        ],
        "velocity_magnitude": 5.416874206116653
    },
    "VENUS": {
        "m": 4.867305814842006e+24,
        "q": [
            74700554.65364216,
            -70257648.67595504,
            -36356861.68483846
        ],
        "p": [
            1.2150721603441075e+26,
            1.1023203321176162e+26,
            4.191647845544329e+25
        ],
        "velocity_magnitude": 34.78893116867714
    },
    "PANDORA": {
        "m": 1.3919549798523883e+17,
        "q": [
            1407160759.4821172,
            -268295817.39463678,
            -171491224.31909937
        ],
        "p": [
            -1.77503359786761e+18,
            2.316536863521472e+18,
            5.807144269661993e+17
        ],
        "velocity_magnitude": 21.37727447024675
    },
    "MOON": {
        "m": 7.345789248996222e+22,
        "q": [
            114596561.2276727,
            84364204.01530972,
            36582447.262175314
        ],
        "p": [
            -1.3638987309828857e+24,
            1.5070283137589186e+24,
            6.470774736452463e+23
        ],
        "velocity_magnitude": 29.038237777012796
    },
    "DEIMOS": {
        "m": 1440685861906164.5,
        "q": [
            42134445.50235577,
            205898871.27565435,
            93326223.63880451
        ],
        "p": [
            -3.1202432196940116e+16,
            8370883444303046.0,
            3854669440461464.5
        ],
        "velocity_magnitude": 22.582948181511206
    },
    "SATURN": {
        "m": 5.683173701266301e+26,
        "q": [
            1407092498.9261572,
            -268419259.90181628,
            -171476176.83518815
        ],
        "p": [
            8.928229302617045e+26,
            4.956124326260385e+27,
            2.008673355633939e+27
        ],
        "velocity_magnitude": 9.539954812400655
    },
    "ARIEL": {
        "m": 1.2505198195721615e+21,
        "q": [
            1690070829.061553,
            2196145423.1579356,
            938056813.7959582
        ],
        "p": [
            -3.714485572963341e+21,
            5.029616333935667e+21,
            -4.0799382960984356e+21
        ],
        "velocity_magnitude": 5.970273511685684
    },
    "JANUS": {
        "m": 1.8964761832884303e+18,
        "q": [
            1407244178.013784,
            -268424965.38290343,
            -171489248.33595166
        ],
        "p": [
            4.0011774290045583e+18,
            4.632648555596709e+19,
            4.413738453106397e+18
        ],
        "velocity_magnitude": 24.628815816152663
    },
    "MIRANDA": {
        "m": 6.4718650633506144e+19,
        "q": [
            1689788369.442392,
            2196228674.856433,
            938019276.9421371
        ],
        "p": [
            -2.436090992417499e+20,
            9.187256673971428e+19,
            4.9649589830970835e+20
        ],
        "velocity_magnitude": 8.662409038398899
    },
    "HYDRA": {
        "m": 4.811050156803342e+16,
        "q": [
            2700804320.1715555,
            -4007900009.972577,
            -2064457746.1267834
        ],
        "p": [
            2.329052521252749e+17,
            1.0278599030845528e+17,
            -3.318518420519172e+16
        ],
        "velocity_magnitude": 5.336288552123944
    },
    "MERCURY": {
        "m": 3.3010006369806576e+23,
        "q": [
            11736151.17025722,
            -59348982.743162215,
            -32920228.93253083
        ],
        "p": [
            1.2578394213691883e+25,
            3.832422217502789e+24,
            7.441804358531824e+23
        ],
        "velocity_magnitude": 39.89795532926969
    },
    "JUPITER": {
        "m": 1.8981246258090047e+27,
        "q": [
            224518243.3924899,
            665934498.969822,
            279977237.6377383
        ],
        "p": [
            -2.3962940411603017e+28,
            7.638634378963107e+27,
            3.857549702733157e+27
        ],
        "velocity_magnitude": 13.405377363694116
    },
    "UMBRIEL": {
        "m": 1.274940906835082e+21,