{
    "SUN": {
        "m": 1.9884098713165334e+30,
        "q": [
            -921289.8654932673,
            -651319.5744659608,
            -251995.71473434818
        ],
        "p": [
            0.01184226889189156,
            -0.0068632564432111074,
            -0.00317413567573706
        ],
        "velocity_magnitude": 0.01405057859310883
    },
    "MERCURY": {
        "m": 3.3010006369806576e+23,
        "q": [
            11736151.17025722,
            -59348982.743162215,
            -32920228.93253083
        ],
        "p": [
            38.104791840322164,
            11.60988027257156,
            2.2544086405686534
        ],
        "velocity_magnitude": 39.89795532926969
    },
    "VENUS": {
        "m": 4.867305814842006e+24,
        "q": [
            74700554.65364216,
            -70257648.67595504,
            -36356861.68483846
        ],
        "p": [
            24.96395760954562,
            22.64744345334294,
            8.611844015970036
        ],
        "velocity_magnitude": 34.78893116867714
    },
    "EARTH": {
        "m": 6.045626292277543e+24,
        "q": [
            114931867.39770535,
            84556585.51844142,
            36683729.677569106
        ],
        "p": [
            -19.104932174513234,
            21.21572870593035,
            9.196640803388926
        ],
        "velocity_magnitude": 29.994729203360816
    },
    "MOON": {
        "m": 7.345789248996222e+22,
        "q": [
            114596455.52586162,
            84364157.37278284,
            36582439.59909258
        ],
        "p": [
            -18.56708220494709,
            20.515539780963444,
            8.808821639591647
        ],
        "velocity_magnitude": 29.038237770011023
    },
    "MARS": {
        "m": 6.416909011545195e+23,
        "q": [
            42137778.46039857,
            205920050.50365877,
            93335604.50983395
        ],
        "p": [
            -22.876756720141934,
            5.751518041943832,
            3.2555168123109253
        ],
        "velocity_magnitude": 23.812273044264455
    },
    "JUPITER": {
        "m": 1.8985176587806946e+27,
        "q": [
            224518173.71257713,
            665934445.1072102,
            279977211.6233633
        ],
        "p": [
            -12.624803578607132,
            4.024233413804546,
            2.0322566280819685
        ],
        "velocity_magnitude": 13.405602820073984
    },
    "SATURN": {
        "m": 5.68457888344845e+26,
        "q": [
            1407092421.8401835,
            -268419021.56621036,
            -171476209.5932798
        ],
        "p": [
            1.5696825718566048,
            8.720832624603165,
            3.5345310229222675
        ],
        "velocity_magnitude": 9.539902231927393
    },
    "URANUS": {
        "m": 8.681893831562857e+25,
        "q": [
            1689908229.3586824,
            2196204425.9554396,
            937976043.4781921
        ],
        "p": [
            -5.609029748183206,
            3.283679048355944,
            1.5174860801910233
        ],
        "velocity_magnitude": 6.674318453009975
    },
    "NEPTUNE": {
        "m": 1.024306234448616e+26,
        "q": [
            4468600255.817087,
            -74202916.1799896,
            -141624106.0951177
        ],
        "p": [
            0.11539247644056552,
            5.060237180243623,
            2.0683101191124913
        ],
        "velocity_magnitude": 5.467835265693558
    },
    "PLUTO": {
        "m": 1.4615764949133244e+22,
        "q": [
            2700848107.5815105,
            -4007863781.86885,
            -2064489337.4510233
        ],
        "p": [
            4.8047595825756275,
            2.0874767739026816,
            -0.7962214528833305
        ],
        "velocity_magnitude": 5.298796328409605
    },
    "OBJECT_399": {
        "m": 5.972168399787582e+24,
        "q": [
            114935992.97615063,
            84558952.39175938,
            36684975.54928553
        ],
        "p": [
            -19.111547749057568,
            21.224341055638156,
            9.20141099346608
        ],
        "velocity_magnitude": 30.00649721112468
    },
    "OBJECT_299": {
        "m": 4.867305814842006e+24,
        "q": [
            74700554.65364216,
            -70257648.67595504,
            -36356861.68483846
        ],
        "p": [
            24.96395760954562,
            22.64744345334294,
            8.611844015970036
        ],
        "velocity_magnitude": 34.78893116867714
    },
    "OBJECT_199": {
        "m": 3.3010006369806576e+23,
        "q": [
            11736151.17025722,
            -59348982.743162215,
            -32920228.93253083
        ],
        "p": [
            38.104791840322164,
            11.60988027257156,
            2.2544086405686534
        ],
        "velocity_magnitude": 39.89795532926969
    }
}