{
    "SUN": {
        "m": 1.989e+30,
        "q": [
            -921289.8654932673,
            -651319.5744659608,
            -251995.71473434818
        ],
        "p": [
            2.3554272825972313e+28,
            -1.3651017065546891e+28,
            -6.313355859041012e+27
        ]
    },
    "MERCURY": {
        "m": 3.3011e+23,
        "q": [
            11736151.17025722,
            -59348982.743162215,
            -32920228.93253083
        ],
        "p": [
            1.257877283440875e+25,
            3.832537576778598e+24,
            7.442028363381182e+23
        ]
    },
    "VENUS": {
        "m": 4.8675e+24,
        "q": [
            74700554.65364216,
            -70257648.67595504,
            -36356861.68483846
        ],
        "p": [
            1.215120636644633e+26,
            1.1023643100914677e+26,
            4.191815074773415e+25
        ]
    },
    "EARTH": {
        "m": 5.9724e+24,
        "q": [
            114931867.39770535,
            84556585.51844142,
            36683729.677569106
        ],
        "p": [
            -1.1410229691906285e+26,
            1.2670881812329842e+26,
            5.492601753416002e+25
        ]
    },
    "MOON": {
        "m": 7.342e+22,
        "q": [
            114596455.52586162,
            84364157.37278284,
            36582439.59909258
        ],
        "p": [
            -1.3631951754872154e+24,
            1.506250930718336e+24,
            6.467436847788187e+23
        ]
    },
    "MARS": {
        "m": 6.4171e+23,
        "q": [
            42137778.46039857,
            205920050.50365877,
            93335604.50983395
        ],
        "p": [
            -1.468024355488228e+25,
            3.690806642695777e+24,
            2.089097693628044e+24
        ]
    },
    "JUPITER": {
        "m": 1.898e+27,
        "q": [
            224518173.71257713,
            665934445.1072102,
            279977211.6233633
        ],
        "p": [
            -2.3961877192196334e+28,
            7.637995019401028e+27,
            3.857223080099576e+27
        ]
    },
    "SATURN": {
        "m": 5.683e+26,
        "q": [
            1407092421.8401835,
            -268419021.56621036,
            -171476209.5932798
        ],
        "p": [
            8.920506055861085e+26,
            4.956049180561978e+27,
            2.0086739803267248e+27
        ]
    },
    "URANUS": {
        "m": 8.681e+25,
        "q": [
            1689908229.3586824,
            2196204425.9554396,
            937976043.4781921
        ],
        "p": [
            -4.869198724397841e+26,
            2.850561781877795e+26,
            1.3173296662138274e+26
        ]
    },
    "NEPTUNE": {
        "m": 1.024e+26,
        "q": [
            4468600255.817087,
            -74202916.1799896,
            -141624106.0951177
        ],
        "p": [
            1.1816189587513908e+25,
            5.181682872569469e+26,
            2.1179495619711908e+26
        ]
    }
}