{
    "SUN": {
        "m": 1.989e+30,
        "q": [
            -921289.8654932673,
            -651319.5744659608
        ],
        "p": [
            2.3554272825972313e+28,
            -1.3651017065546891e+28
        ]
    },
    "MERCURY": {
        "m": 3.3011e+23,
        "q": [
            11736151.17025722,
            -59348982.743162215
        ],
        "p": [
            1.257877283440875e+25,
            3.832537576778598e+24
        ]
    },
    "VENUS": {
        "m": 4.8675e+24,
        "q": [
            74700554.65364216,
            -70257648.67595504
        ],
        "p": [
            1.215120636644633e+26,
            1.1023643100914677e+26
        ]
    },
    "EARTH": {
        "m": 5.9724e+24,
        "q": [
            114931867.39770535,
            84556585.51844142
        ],
        "p": [
            -1.1410229691906285e+26,
            1.2670881812329842e+26
        ]
    },
    "MOON": {
        "m": 7.342e+22,
        "q": [
            114596455.52586162,
            84364157.37278284
        ],
        "p": [
            -1.3631951754872154e+24,
            1.506250930718336e+24
        ]
    },
    "MARS": {
        "m": 6.4171e+23,
        "q": [
            42137778.46039857,
            205920050.50365877
        ],
        "p": [
            -1.468024355488228e+25,
            3.690806642695777e+24
        ]
    },
    "JUPITER": {
        "m": 1.898e+27,
        "q": [
            224518173.71257713,
            665934445.1072102
        ],
        "p": [
            -2.3961877192196334e+28,
            7.637995019401028e+27
        ]
    },
    "SATURN": {
        "m": 5.683e+26,
        "q": [
            1407092421.8401835,
            -268419021.56621036
        ],
        "p": [
            8.920506055861085e+26,
            4.956049180561978e+27
        ]
    },
    "URANUS": {
        "m": 8.681e+25,
        "q": [
            1689908229.3586824,
            2196204425.9554396
        ],
        "p": [
            -4.869198724397841e+26,
            2.850561781877795e+26
        ]
    },
    "NEPTUNE": {
        "m": 1.024e+26,
        "q": [
            4468600255.817087,
            -74202916.1799896
        ],
        "p": [
            1.1816189587513908e+25,
            5.181682872569469e+26
        ]
    }
}